origin_name,destination_name,generated_distance_m_full,reference_distance_m_full,signed_difference_m,absolute_difference_m,within_tolerance
D,D,0.0,0.0,0.0,0.0,True
D,E,3011.4257671794953,3011.4257671794903,5.002220859751105e-12,5.002220859751105e-12,True
D,G,2956.8209181005645,2956.82091810056,4.547473508864641e-12,4.547473508864641e-12,True
D,F4,6619.44067081717,6619.44067081717,0.0,0.0,True
D,F5,3511.2304595657824,3511.22577683372,0.00468273206251979,0.00468273206251979,True
D,F6,5281.426477487466,5281.42647748746,6.366462912410498e-12,6.366462912410498e-12,True
D,F7,9679.539917046419,9690.418725053749,-10.878808007330008,10.878808007330008,False
D,S,10960.090191568866,10959.5214092752,0.5687822936670273,0.5687822936670273,True
D,C,21758.681124362447,21758.4039968715,0.27712749094644096,0.27712749094644096,True
D,J1,26342.25310127069,26335.8140069063,6.439094364388438,6.439094364388438,False
D,J3,31587.552763535685,31588.078589374,-0.5258258383146313,0.5258258383146313,True
D,J6,31744.291084877314,31744.7506303651,-0.45954548778536264,0.45954548778536264,True
D,K,39654.949953709045,39654.9452709769,0.004682732142100576,0.004682732142100576,True
E,D,3484.2665835747152,3484.26190084266,0.004682732055243832,0.004682732055243832,True
E,E,0.0,0.0,0.0,0.0,True
E,G,125.22673578406582,125.22673578406501,8.100187187665142e-13,8.100187187665142e-13,True
E,F4,3959.1346057458563,3959.13460574585,6.366462912410498e-12,6.366462912410498e-12,True
E,F5,2977.458489925527,2977.45380719347,0.004682732057062822,0.004682732057062822,True
E,F6,2621.1204124161573,2621.12041241615,7.275957614183426e-12,7.275957614183426e-12,True
E,F7,7019.233851975106,7030.11265998243,-10.878808007324551,10.878808007324551,False
E,S,10718.959679504655,10718.390897211,0.5687822936542943,0.5687822936542943,True
E,C,20838.302223902578,20838.2502575141,0.051966388477012515,0.051966388477012515,True
E,J1,23578.84541053446,23572.40631617,6.439094364461198,6.439094364461198,False
E,J3,28824.145072799456,28824.670898637803,-0.5258258383473731,0.5258258383473731,True
E,J6,28980.883394141085,28981.3429396288,-0.45954548771624104,0.45954548771624104,True
E,K,39121.177984068774,39121.1733013367,0.004682732076616958,0.004682732076616958,True
G,D,3429.661734495785,3429.65705176373,0.004682732054789085,0.004682732054789085,True
G,E,125.22673578406582,125.22673578406501,8.100187187665142e-13,8.100187187665142e-13,True
G,G,0.0,0.0,0.0,0.0,True
G,F4,3904.5297566669256,3904.52975666692,5.4569682106375694e-12,5.4569682106375694e-12,True
G,F5,2922.8536408465966,2922.84895811454,0.004682732056608074,0.004682732056608074,True
G,F6,2566.5155633372265,2566.5155633372196,6.821210263296962e-12,6.821210263296962e-12,True
G,F7,6964.629002896175,6975.5078109035,-10.87880800732546,10.87880800732546,False
G,S,10664.354830425726,10663.786048132099,0.5687822936270095,0.5687822936270095,True
G,C,20809.753574156955,20809.7016077685,0.05196638845518464,0.05196638845518464,True
G,J1,23550.29676078884,23543.857666424403,6.439094364435732,6.439094364435732,False
G,J3,28795.596423053834,28796.1222488922,-0.525825838365563,0.525825838365563,True
G,J6,28952.334744395463,28952.7942898832,-0.4595454877380689,0.4595454877380689,True
G,K,39066.57313498985,39066.5684522577,0.004682732149376534,0.004682732149376534,True
F4,D,6333.444437899516,6333.43916896567,0.00526893384540017,0.00526893384540017,True
F4,E,4082.898259635745,4082.8982596357396,5.4569682106375694e-12,5.4569682106375694e-12,True
F4,G,4028.2934105568143,4028.2934105568097,4.547473508864641e-12,4.547473508864641e-12,True
F4,F4,0.0,0.0,0.0,0.0,True
F4,F5,6690.828886562755,6690.8242038307,0.004682732054789085,0.004682732054789085,True
F4,F6,4431.852064981456,4431.85206498145,6.366462912410498e-12,6.366462912410498e-12,True
F4,F7,5657.198566725518,5668.077374732839,-10.878808007321823,10.878808007321823,False
F4,S,14303.474595358999,14303.474594556,8.02998329163529e-07,8.02998329163529e-07,True
F4,C,22409.649759276803,22409.5977928883,0.05196638850247837,0.05196638850247837,True
F4,J1,23090.49473906231,23085.011173688,5.483565374310274,5.483565374310274,False
F4,J3,28208.69858614486,28216.6676631179,-7.969076973040501,7.969076973040501,False
F4,J6,28655.270836812484,28666.6059978193,-11.335161006816634,11.335161006816634,False
F4,K,39323.11310109648,39323.1131010964,8.003553375601768e-11,8.003553375601768e-11,True
F5,D,2075.3965785260216,2075.39130959217,0.005268933851766633,0.005268933851766633,True
F5,E,3504.597560861123,3504.59756086112,2.7284841053187847e-12,2.7284841053187847e-12,True
F5,G,3449.992711782192,3449.99271178219,2.2737367544323206e-12,2.2737367544323206e-12,True
F5,F4,5762.039543166282,5762.03954316628,1.8189894035458565e-12,1.8189894035458565e-12,True
F5,F5,0.0,0.0,0.0,0.0,True
F5,F6,5774.598271169094,5774.59827116909,3.637978807091713e-12,3.637978807091713e-12,True
F5,F7,10172.711710728045,10183.5905187353,-10.87880800725543,10.87880800725543,False
F5,S,11453.261985250492,11452.6932029568,0.5687822936924931,0.5687822936924931,True
F5,C,22251.852918044075,22251.575790553103,0.2771274909719068,0.2771274909719068,True
F5,J1,26835.424894952317,26828.9858005879,6.439094364417542,6.439094364417542,False
F5,J3,32080.72455721731,32081.250383055703,-0.5258258383946668,0.5258258383946668,True
F5,J6,32237.462878558938,32237.9224240467,-0.45954548776353477,0.45954548776353477,True
F5,K,36669.641390221695,36669.641390221695,0.0,0.0,True
F6,D,5744.988897121103,5744.98421438904,0.004682732062974537,0.004682732062974537,True
F6,E,2630.2501765449047,2630.2501765448997,5.002220859751105e-12,5.002220859751105e-12,True
F6,G,2575.645327465974,2575.6453274659702,3.637978807091713e-12,3.637978807091713e-12,True
F6,F4,4577.562807745517,4577.56280774551,6.366462912410498e-12,6.366462912410498e-12,True
F6,F5,5238.180803471916,5238.17612073986,0.00468273205569858,0.00468273205569858,True
F6,F6,0.0,0.0,0.0,0.0,True
F6,F7,5031.305209411401,5042.18401741873,-10.878808007329098,10.878808007329098,False
F6,S,11285.204372017943,11313.6179548579,-28.4135828399576,28.4135828399576,False
F6,C,19391.379535935743,19419.7411531903,-28.36161725455895,28.36161725455895,False
F6,J1,21668.338851506218,21663.5033327189,4.835518787316687,4.835518787316687,False
F6,J3,26703.752593748843,26704.2619768055,-0.5093830566584074,0.5093830566584074,True
F6,J6,26860.49091509047,26860.934017796597,-0.44310270612550084,0.44310270612550084,True
F6,K,41214.18031825928,41245.177511975,-30.99719371572428,30.99719371572428,False
F7,D,10139.161204414133,10150.0353296894,-10.874125275267943,10.874125275267943,False
F7,E,7024.422483837934,7035.3012918452605,-10.87880800732637,10.87880800732637,False
F7,G,6969.817634759003,6980.696442766331,-10.87880800732728,10.87880800732728,False
F7,F4,5282.3560643865785,5293.2348723939,-10.878808007321823,10.878808007321823,False
F7,F5,9632.353110764947,9643.22723604022,-10.8741252752734,10.8741252752734,False
F7,F6,5164.486154010403,5175.36496201773,-10.87880800732728,10.87880800732728,False
F7,F7,0.0,0.0,0.0,0.0,True
F7,S,12086.924648476557,12096.2622770882,-9.337628611643595,9.337628611643595,False
F7,C,19987.923137031376,19987.8679781546,0.05515887677393039,0.05515887677393039,True
F7,J1,17805.92020650272,17801.097938008803,4.822268493917363,4.822268493917363,False
F7,J3,22841.33394874534,22841.8565820954,-0.5226333500577311,0.5226333500577311,True
F7,J6,22998.07227008697,22998.5286230865,-0.45635299952846253,0.45635299952846253,True
F7,K,42015.90059471788,42027.8218342053,-11.92123948741937,11.92123948741937,False
S,D,10887.018309107436,10887.006794781399,0.011514326037286082,0.011514326037286082,True
S,E,9937.37616384227,9937.36933224832,0.006831593949755188,0.006831593949755188,True
S,G,9882.771314763339,9882.76448316939,0.006831593947936199,0.006831593947936199,True
S,F4,12870.800214162211,12870.8002141622,1.0913936421275139e-11,1.0913936421275139e-11,True
S,F5,10380.21021545825,10380.1987011322,0.011514326050019008,0.011514326050019008,True
S,F6,10024.561640767683,10052.9752244106,-28.41358364291773,28.41358364291773,False
S,F7,11089.633390999956,11089.6333909999,5.638867150992155e-11,5.638867150992155e-11,True
S,S,0.0,0.0,0.0,0.0,True
S,C,14594.832740792848,14595.1243929811,-0.2916521882525558,0.2916521882525558,True
S,J1,20999.385065536986,20992.945971172598,6.439094364388438,6.439094364388438,False
S,J3,26246.6974076961,26247.2232335345,-0.5258258383983048,0.5258258383983048,True
S,J6,26403.43572903773,26403.8952745255,-0.4595454877708107,0.4595454877708107,True
S,K,34532.64228799383,34535.2258980666,-2.5836100727683515,2.5836100727683515,False
C,D,21123.615788580937,21122.5201820965,1.095606484435848,1.095606484435848,False
C,E,20173.97364331578,20172.8827195634,1.0909237523810589,1.0909237523810589,False
C,G,20119.36879423685,20118.2778704845,1.090923752348317,1.090923752348317,False
C,F4,21986.53387362895,21987.0211376767,-0.4872640477515233,0.4872640477515233,True
C,F5,20616.807694931747,20615.7120884473,1.095606484446762,1.095606484446762,False
C,F6,19225.34090533672,19254.2417530275,-28.90084769078021,28.90084769078021,False
C,F7,19096.4209324308,19096.411105380797,0.009827050002058968,0.009827050002058968,True
C,S,13766.041723234861,13764.9576310764,1.0840921584604075,1.0840921584604075,False
C,C,0.0,0.0,0.0,0.0,True
C,J1,16702.88599082214,16698.2093545016,4.676636320538819,4.676636320538819,False
C,J3,22404.367503004974,22404.425963769503,-0.058460764528717846,0.058460764528717846,True
C,J6,24224.816339499357,24224.808537425597,0.007802073760103667,0.007802073760103667,True
C,K,31541.424388079424,31540.4014712302,1.0229168492223835,1.0229168492223835,False
J1,D,26197.646392608327,26191.8895337794,5.756858828928671,5.756858828928671,False
J1,E,22970.67716076394,22964.9249846671,5.752176096837502,5.752176096837502,False
J1,G,22942.128511018316,22936.3763349215,5.752176096815674,5.752176096815674,False
J1,F4,22540.474761771053,22535.6781931306,4.796568640453188,4.796568640453188,False
J1,F5,25690.838298959137,25685.0814401302,5.756858828935947,5.756858828935947,False
J1,F6,21496.835855803507,21492.687333750102,4.148522053405031,4.148522053405031,False
J1,F7,17635.51527391106,17631.380002151,4.135271760060277,4.135271760060277,False
J1,S,21029.764869388826,21027.0197196232,2.7451497656256834,2.7451497656256834,False
J1,C,17585.97644779853,17586.4814587315,-0.505010932971345,0.505010932971345,True
J1,J1,0.0,0.0,0.0,0.0,True
J1,J3,7936.244511430551,7935.2305453460895,1.0139660844615719,1.0139660844615719,False
J1,J6,8092.982832772171,8091.902586337121,1.0802464350499577,1.0802464350499577,False
J1,K,45345.30161870794,45358.9055651183,-13.60394641035964,13.60394641035964,False
J3,D,31758.542375139376,31767.084912296697,-8.54253715732193,8.54253715732193,False
J3,E,28531.573143294983,28540.1203631844,-8.547219889416738,8.547219889416738,False
J3,G,28503.024493549365,28511.5717134388,-8.547219889434928,8.547219889434928,False
J3,F4,27910.627520918297,27921.9626819251,-11.335161006802082,11.335161006802082,False
J3,F5,31251.734281490186,31260.2768186475,-8.542537157314655,8.542537157314655,False
J3,F6,26489.592038424154,26490.0351411302,-0.4431027060454653,0.4431027060454653,True
J3,F7,22628.27145653171,22628.7278095312,-0.45635299948844477,0.45635299948844477,True
J3,S,27394.80247208631,27392.061000974,2.7414711123092275,2.7414711123092275,False
J3,C,23951.014050496033,23951.5227400823,-0.508689586265973,0.508689586265973,True
J3,J1,6874.43697805919,6874.44065671253,-0.0036786533401027555,0.0036786533401027555,True
J3,J3,0.0,0.0,0.0,0.0,True
J3,J6,8033.64412952705,8033.64412952705,0.0,0.0,True
J3,K,51710.339221405404,51723.946846469094,-13.607625063690648,13.607625063690648,False
J6,D,28087.345740343255,28081.5888815144,5.756858828855911,5.756858828855911,False
J6,E,24860.376508498863,24854.624332402,5.752176096862968,5.752176096862968,False
J6,G,24831.827858753244,24826.0756826564,5.752176096844778,5.752176096844778,False
J6,F4,24430.174109505984,24425.3775408656,4.796568640384066,4.796568640384066,False
J6,F5,27580.537646694065,27574.780787865202,5.756858828863187,5.756858828863187,False
J6,F6,23386.535203538435,23382.386681484997,4.148522053437773,4.148522053437773,False
J6,F7,19525.21462164599,19521.0793498859,4.135271760093019,4.135271760093019,False
J6,S,22919.464217123754,22916.7190673581,2.745149765654787,2.745149765654787,False
J6,C,18209.1033755509,18208.4828306331,0.6205449178014533,0.6205449178014533,True
J6,J1,4297.802542108672,4297.8025421086695,2.7284841053187847e-12,2.7284841053187847e-12,True
J6,J3,10724.345902318037,10724.412182668599,-0.06628035056201043,0.06628035056201043,True
J6,J6,0.0,0.0,0.0,0.0,True
J6,K,47236.62526902063,47250.229215430896,-13.603946410265053,13.603946410265053,False
K,D,37373.52005967291,37373.5359323145,-0.01587264159024926,0.01587264159024926,True
K,E,39144.58868305168,39144.60982462711,-0.021141575423825998,0.021141575423825998,True
K,G,39089.98383397275,39090.004975548196,-0.02114157544565387,0.02114157544565387,True
K,F4,40026.453774240035,40026.4749158154,-0.021141575365618337,0.021141575365618337,True
K,F5,39587.42273466764,39587.439193511,-0.016458843361760955,0.016458843361760955,True
K,F6,41414.58939335964,41414.610534935004,-0.021141575365618337,0.021141575365618337,True
K,F7,43149.733089273526,43149.729941195,0.00314807852555532,0.00314807852555532,True
K,S,32397.36488348779,32397.3666721914,-0.0017887036119645927,0.0017887036119645927,True
K,C,30925.328384317654,30925.0278657029,0.3005186147529457,0.3005186147529457,True
K,J1,46111.86426279547,46111.6724547302,0.1918080652685603,0.1918080652685603,True
K,J3,52538.40762300482,52538.2820952902,0.12552771462651435,0.12552771462651435,True
K,J6,53849.97618295941,53848.704128459096,1.2720545003176085,1.2720545003176085,False
K,K,0.0,0.0,0.0,0.0,True
